species,lambda_mean,lambda_0.05,lambda_0.95,lambda_category,z_score,occ_est,occ_CI_0.05,occ_CI_0.95,wc_response,outcome,col_est,col_CI_0.05,col_CI_0.95,ext_est,ext_CI_0.05,ext_CI_0.95
105,0.9664297645228901,0.9594057073167609,0.9734538217290193,decreasing,-4.143276517045535,0.4194895127778798,0.033646397007516315,0.8053326285482434,neutral,indifferent,-0.21739390598753736,-0.4614462429455679,0.026658430970493224,-0.11763900016644083,-0.31589642526746636,0.08061842493458471
114,0.9704080207499508,0.9608249167624144,0.9799911247374872,decreasing,-2.243804335989745,0.3400355803482554,-0.023005944323762184,0.7030771050202729,neutral,indifferent,-1.318320607094332,-1.6343097565904612,-1.002331457598203,-0.6039877017463268,-0.7573521435356924,-0.4506232599569612
119,1.00706608008333,0.9942970007795688,1.0198351593870911,stable,-10.985108005811687,-1.4989908353241765,-1.8626761407375474,-1.1353055299108057,negative,indifferent,-0.09751306825163954,-0.1894194451787272,-0.005606691324551882,-2.063666376019533,-2.429895682267547,-1.6974370697715184
123,0.982230677315042,0.9783323995238663,0.9861289551062177,decreasing,-1.5288793904490479,0.5876044727425763,0.28314178328838047,0.8920671621967722,positive,indifferent,-0.44536001677694653,-0.6463930119305012,-0.2443270216233918,0.17167248169719163,-0.037305578521548616,0.38065054191593184
125,1.0077562263666924,0.9812669464976765,1.0342455062357083,stable,-7.561103952050898,0.35988648590424843,-0.43166505095517593,1.151438022763673,neutral,indifferent,-0.4181451996148932,-0.6141712629825526,-0.22211913624723384,-2.534987035465955,-3.0111221036267692,-2.058851967305141
129,0.9879772183249166,0.9806264456241504,0.9953279910256828,decreasing,-2.8322567735878925,-0.9061943536548462,-1.2070887957852805,-0.605299911524412,negative,loser,0.7550281844428419,0.6330099686784442,0.8770464002072397,-0.227831263404735,-0.34363095823599227,-0.11203156857347774
130,0.9605674599008436,0.9406731914963539,0.9804617283053333,decreasing,-24.267396551335295,0.41716244810299696,-0.08683240837958539,0.9211573045855793,neutral,indifferent,0.532565966007186,0.44066471496919624,0.6244672170451757,1.121862624700373,1.0067371478441205,1.2369881015566253
134,0.9750640117497471,0.9693576533788671,0.9807703701206271,decreasing,-0.37885328066364793,-1.87822322096266,-2.37169075828751,-1.3847556836378097,negative,loser,-0.38934958910217493,-0.8243312613188851,0.045632083114535205,-0.7020050837215575,-0.93692317513814,-0.46708699230497486
137,0.998569712747556,0.9716879961706646,1.0254514293244474,stable,0.822851224512478,-1.3752974807524385,-1.7490304688548375,-1.0015644926500396,negative,indifferent,0.6279830206292101,0.45600055919041427,0.7999654820680059,-3.817842389637912,-4.7668542112230545,-2.8688305680527697
138,1.051903897740549,1.0453618593029856,1.0584459361781124,increasing,-0.7032571516933938,0.8844523434239392,0.5058120220934789,1.2630926647543994,positive,winner,1.3677274714779823,1.2026695964975571,1.5327853464584076,2.197564671819768,1.2508315533087822,3.144297790330754
142,1.000078332557121,0.9990178998823069,1.001138765231935,stable,0.42154078404000717,-0.4639945085940837,-0.8752223694011478,-0.05276664778701956,neutral,indifferent,0.20678860783959194,-0.03649052463392602,0.4500677403131099,-0.09642452232756166,-0.4683393807310666,0.2754903360759433
145,0.9870713739720742,0.9781859160550546,0.9959568318890939,decreasing,1.9558902371183673,-0.9328469802284645,-1.3041975883846322,-0.5614963720722967,negative,loser,0.08563285184437769,-0.16589953569457117,0.33716523938332654,-1.2601130137172432,-1.4724897695143808,-1.0477362579201055
146,0.9544657509594687,0.9458236922769577,0.9631078096419797,decreasing,3.993416156133641,-1.256722279026981,-2.232385614161393,-0.2810589438925688,negative,loser,-0.15128742184246355,-0.5399715721703672,0.23739672848544005,-0.7445657169230028,-0.9708447272208985,-0.518286706625107
151,0.9870385207723134,0.9837556166472681,0.9903214248973586,decreasing,4.3355829723162005,-1.8989162071709023,-2.3764742589473142,-1.42135815539449,negative,loser,-2.553270060997848,-3.276907883455265,-1.8296322385404311,-0.8582993583953887,-1.4701217075128106,-0.2464770092779669
152,0.9937472224480752,0.991837037822645,0.9956574070735055,decreasing,-2.390605553566208,1.5555518757334794,1.2122856891163682,1.8988180623505906,positive,indifferent,0.4959904701464811,0.3259046306610097,0.6660763096319525,-0.06456520121136461,-0.29057947766312897,0.16144907524039978
154,0.9884335791751104,0.9805027368539825,0.9963644214962384,decreasing,-7.591101372050681,0.5926496752634706,0.1815033069996324,1.0037960435273088,positive,indifferent,0.45484078254317617,0.32430435940019176,0.5853772056861606,-0.12353979955468397,-0.28300590282987487,0.035926303720506925
160,0.9798822593223312,0.9602762661871107,0.9994882524575517,decreasing,-1.7914072011952893,0.8257540763065009,0.25347362427841613,1.3980345283345856,positive,indifferent,2.071582119421393,1.7277738579464355,2.4153903808963504,1.2438883985591778,0.7034325412744996,1.7843442558438558
162,0.9644681089591973,0.9586513466333466,0.970284871285048,decreasing,0.8182147697454579,0.6623861673562887,-0.026734255725077816,1.3515065904376553,neutral,indifferent,-0.8927983758175604,-1.4970108843980658,-0.2885858672370548,-0.7349705175269085,-1.127532626757343,-0.34240840829647395
165,0.9815293511270365,0.9776470205967887,0.9854116816572844,decreasing,-0.5253800071121805,-1.9176872498652437,-2.768653663262262,-1.0667208364682255,negative,loser,-1.818315766369763,-2.2550367683809167,-1.3815947643586097,-0.4171403308185208,-0.8258277895303643,-0.008452872106677334
171,0.9936781375190336,0.9707991146672212,1.0165571603708459,stable,1.1832549254741578,0.5325483474954226,-0.01916501578853258,1.0842617107793777,neutral,indifferent,1.7299585214738453,1.2415255551895563,2.2183914877581343,0.09188406161292631,-0.18943490142412786,0.37320302464998045
173,0.9159658376304963,0.8426816865790143,0.9892499886819783,decreasing,2.7036030166538367,1.6655756059601932,1.0932011420731378,2.2379500698472485,positive,indifferent,0.6300666161849046,0.37706001647545956,0.8830732158943495,2.6990984544079057,1.9816762496017146,3.416520659214097
174,0.9739123098462437,0.9377180520137418,1.0101065676787455,stable,4.385610001062027,-1.9521553779677676,-2.2825362195733807,-1.6217745363621545,negative,indifferent,0.06326216785487966,-0.1770236679543049,0.30354800366406426,-4.947459724116123,-5.639367593086701,-4.255551855145545
179,0.916843005185973,0.8842333672857843,0.9494526430861616,decreasing,-6.053040202723084,-3.729761128348614,-4.644350488067872,-2.815171768629356,negative,loser,-1.3077848778906245,-1.7075505488726948,-0.9080192069085542,-2.2862794423939965,-2.8465369248364225,-1.7260219599515705
183,0.9665561545147132,0.9471946238665497,0.9859176851628767,decreasing,2.4334755791371325,1.633919566637294,1.2116040584509504,2.056235074823638,positive,indifferent,0.7004509923344933,0.5974289933980547,0.8034729912709319,0.5816200196176325,0.48024012740062605,0.682999911834639
185,0.9914582318952275,0.967106256091026,1.015810207699429,stable,-7.631169271767531,-1.9176167000589408,-2.2828939180115078,-1.5523394821063738,negative,indifferent,-0.26490276771851223,-0.3652058808582652,-0.16459965457875925,-4.142532831527011,-4.5708096779826155,-3.7142559850714063
188,0.9700783520123362,0.9584838771940984,0.9816728268305739,decreasing,0.5547020524000703,2.9681983322174474,2.4361324503463457,3.500264214088549,positive,indifferent,2.0303608548085816,0.9634342115142742,3.0972874981028893,1.2709955104535287,0.5002996450030182,2.041691375904039
189,0.9452842501448977,0.9328269260464384,0.957741574243357,decreasing,-9.127810721635214,0.06810754166639917,-0.4205141707249763,0.5567292540577746,neutral,indifferent,0.052829565534135356,-0.22543743687040146,0.3310965679386722,-0.476891418341975,-0.7641682969792699,-0.18961453970468012
192,0.9813923500937457,0.9687522646209918,0.9940324355664996,decreasing,-10.218510768571328,3.220460372864686,2.3678317798061568,4.0730889659232155,positive,indifferent,0.4351098612362161,0.3561270487329096,0.5140926737395225,0.9793552330747817,0.8782899752106544,1.0804204909389088
214,0.9905895165785632,0.982739929005473,0.9984391041516534,decreasing,-1.424677528720479,1.0995963530711905,0.7862453018059379,1.4129474043364432,positive,indifferent,1.0743346035105246,0.83718594764134,1.3114832593797092,0.8962818728449157,0.32488811511884264,1.4676756305709886
216,0.9555770999365572,0.9510186852708785,0.9601355146022358,decreasing,6.094820242668781,0.5820806749951567,0.2840780084210175,0.8800833415692959,positive,indifferent,-0.00634405127056204,-0.3096826970757908,0.29699459453466676,0.046267107004260434,-0.20141666360669525,0.2939508776152161
223,0.9232806648589293,0.9128920761155592,0.9336692536022995,decreasing,-4.604806084123172,-0.836073920277223,-1.4094586023900941,-0.26268923816435186,negative,loser,-0.21375708067840685,-0.571459919358141,0.14394575800132728,1.444752952350002,0.9561964879017597,1.9333094167982443
224,0.9521164542788733,0.9154128494606201,0.9888200590971264,decreasing,12.733295818921668,2.4513166930365666,1.8487931138969635,3.0538402721761697,positive,indifferent,-0.4423597517163624,-0.9018366366998006,0.017117133267075868,2.3096465944009146,1.9604972671336254,2.658795921668204
242,0.9924575952465244,0.9869683624113844,0.9979468280816645,decreasing,-7.1623221683014275,-0.5595377862572765,-0.8579603728155285,-0.2611151996990244,negative,loser,-0.43669330914116383,-0.5398371488018546,-0.3335494694804731,-0.23984427324324353,-0.4841751148323259,0.004486568345838826
245,0.9932572803937301,0.9877323960550017,0.9987821647324584,decreasing,-9.695739368360554,-0.13417924202198814,-0.35407342970103695,0.08571494565706067,neutral,indifferent,-0.144232666942582,-0.22241577490656114,-0.06604955897860285,-0.8310456055498097,-1.0325181589869459,-0.6295730521126734
247,1.011668559076308,1.0009860793136194,1.0223510388389965,increasing,1.85199401516751,-0.7918139669984919,-1.011287276578785,-0.5723406574181987,negative,indifferent,0.021594981878111784,-0.09320767338254815,0.1363976371387717,-1.9054689487349348,-2.3468419926890762,-1.4640959047807933
311,0.9959582288270237,0.9937462733394301,0.9981701843146172,decreasing,-3.7233361419760893,0.9924811657977276,0.6339373236391179,1.3510250079563373,positive,indifferent,-0.19563298350942412,-0.3018094787494673,-0.08945648826938099,0.46393410524567874,0.3272218120661176,0.6006463984252399
312,0.9777304247121723,0.9698195432006919,0.9856413062236528,decreasing,-0.838440858874611,1.3409502697787263,1.0088231258278608,1.6730774137295918,positive,indifferent,0.8658157634363219,0.6012313300953489,1.130400196777295,-0.13087087174195283,-0.5917010763426214,0.32995933285871565
314,0.993235379583434,0.9863720002437093,1.0000987589231587,stable,-4.15215740839858,1.7958765310222826,1.2084572773957616,2.3832957846488037,positive,indifferent,0.8890176579528112,0.7407341605295574,1.037301155376065,-0.041049315611511226,-0.15378975424904337,0.07169112302602093
316,0.9972652569659164,0.9956377564857674,0.9988927574460654,decreasing,-6.3519910006914175,0.34062628020863867,-0.1273513122001999,0.8086038726174772,neutral,indifferent,-0.20769337256722165,-0.33038473510269306,-0.08500201003175023,0.34613604780660506,0.20190032339067324,0.4903717722225369
317,0.9916277874407894,0.9898548677862421,0.9934007070953367,decreasing,-16.36972150418051,-0.38927502123316327,-0.8239206857068591,0.04537064324053253,neutral,indifferent,0.16553843265604262,0.03521916272324088,0.29585770258884436,0.8998784790570684,0.7818754499668549,1.017881508147282
318,0.9854523360664716,0.9821572629442239,0.9887474091887194,decreasing,-6.705705125576743,0.8055706558416512,0.2387457697983123,1.3723955418849902,positive,indifferent,-0.3846647440500012,-0.5839865608470622,-0.18534292725294016,1.0536816182794806,0.7817527209648176,1.3256105155941436
319,0.9778628897742258,0.9678490548056313,0.9878767247428202,decreasing,-2.558177489537484,0.6415135708124307,0.21474733918304773,1.0682798024418136,positive,indifferent,1.8468656036309106,1.5771860394044503,2.116545167857371,-0.3570214609977835,-0.8096701025769115,0.09562718058134456
321,0.991390079960144,0.9849092281864281,0.99787093173386,decreasing,2.7348247650996713,1.088573164957683,0.7200944310717841,1.457051898843582,positive,indifferent,0.8637524635661389,0.7322286968825842,0.9952762302496936,0.5607193790035728,0.3961682960742443,0.7252704619329013
323,0.9707625825456159,0.9625276748211831,0.9789974902700487,decreasing,1.505239497486128,0.7102075192304517,0.32185030520204777,1.0985647332588555,positive,indifferent,1.0742986930226155,0.7640177991398626,1.3845795869053683,0.7599125169549509,0.3826613702083875,1.1371636637015143
328,0.9447245350429554,0.9248010720940966,0.9646479979918142,decreasing,4.57696096608345,-2.0150800499080743,-2.640744211352774,-1.3894158884633745,negative,loser,-0.6687786325042457,-11.068169418358627,9.730612153350135,-2.1006440548033933,-2.764926436667384,-1.4363616729394024
337,0.9939366081415066,0.9885102795122727,0.9993629367707406,decreasing,1.6762876454896267,-0.037850775228879474,-0.3214429511303176,0.24574140067255867,neutral,indifferent,1.1941407964514585,1.0048247543501563,1.3834568385527608,-0.04951990432244392,-0.7672883590671625,0.6682485504222747
339,0.9415653775058602,0.882916633452577,1.0002141215591436,stable,8.529343684362257,2.185550379602642,1.7455574258928688,2.625543333312415,positive,indifferent,0.15117832421417882,0.0054215650453733055,0.29693508338298436,2.6569220659016604,2.464224282817829,2.849619848985492
343,0.9709402257875553,0.959336389193861,0.9825440623812497,decreasing,-2.2956306659264114,3.2419404920378003,2.4889252677576184,3.9949557163179823,positive,indifferent,0.6645916418183045,0.5556878787199574,0.7734954049166517,-0.030862893392169983,-0.15298396521958002,0.09125817843524005
344,0.9477249304958788,0.93036358001664,0.9650862809751176,decreasing,-0.03504320835094144,1.723828376365227,1.190297651308386,2.2573591014220677,positive,indifferent,1.6951112188214128,1.4885138888869118,1.9017085487559138,0.017897992794968638,-0.10965350653029023,0.1454494921202275
347,0.9840032241305919,0.9692626144856626,0.9987438337755212,decreasing,0.42280253361511866,1.2823237728974795,0.2844674308140511,2.280180114980908,positive,indifferent,0.2551748946565123,-0.4557453908328049,0.9660951801458295,-4.673160630280249,-5.716160172620622,-3.630161087939875
348,0.9744293252995532,0.9613246477660888,0.9875340028330175,decreasing,-6.385011962545052,1.957337715891044,1.438934071592168,2.4757413601899203,positive,indifferent,0.5872764132446194,0.36430414496165686,0.810248681527582,1.4041972158450706,1.1131813113681028,1.6952131203220384
351,0.9626694969049174,0.9500909454589188,0.975248048350916,decreasing,-4.213649921947623,1.5763079726349611,1.0053448726673824,2.14727107260254,positive,indifferent,1.2562747111749544,1.0645143136799193,1.4480351086699894,0.6058851053482284,0.42704477158964815,0.7847254391068086
352,0.9941672293053009,0.9905724178170844,0.9977620407935174,decreasing,-9.168684596418863,-0.6529141297357347,-1.0704600965405766,-0.23536816293089285,negative,loser,-0.10905565792253331,-0.249220521346396,0.03110920550132938,-0.5551514112847304,-0.8898363982297782,-0.22046642433968267
359,0.9606694143958214,0.9425429788595123,0.9787958499321305,decreasing,-1.0539997602047553,0.6847562087154853,0.14342489203903774,1.2260875253919328,positive,indifferent,-0.05389664829050808,-0.21254099098303192,0.10474769440201576,0.19024868335625414,0.009321990424299625,0.3711753762882086
365,0.8937389423176298,0.8610671417215561,0.9264107429137036,decreasing,4.355171905966537,3.7577319446861455,2.9791004258316143,4.536363463540677,positive,indifferent,-2.4182676315337406,-3.433231580298865,-1.4033036827686163,1.4904684241259292,1.249545951301879,1.7313908969499794
368,0.9990650058700956,0.9958224766661737,1.0023075350740176,stable,0.34910648257956234,0.7707242009080844,0.24515171302988448,1.2962966887862843,positive,indifferent,0.2364641540579517,0.05071233446954432,0.4222159736463591,0.1861938291866907,-0.035683781168590334,0.4080714395419717
373,0.9695270947398507,0.9523035454182162,0.9867506440614852,decreasing,3.603526462797806,-0.3911682280758593,-0.7511988007950575,-0.03113765535666113,neutral,indifferent,0.013871755645309685,-0.14602960263435671,0.17377311392497607,-0.6523726927313159,-1.0572188637327042,-0.2475265217299275
380,0.9943919062073212,0.9792999730475651,1.0094838393670773,stable,-3.3533778192222137,0.4365418928354194,0.12214020995450536,0.7509435757163334,positive,indifferent,-0.12766212950185,-0.26481544432783344,0.009491185324133428,-1.6803179669618704,-2.0831696862616647,-1.2774662476620762
383,0.9900158818010762,0.9812229376560179,0.9988088259461346,decreasing,-7.9407237339151555,0.5049855634525093,0.03388751007681151,0.9760836168282072,neutral,indifferent,0.4950367796283218,0.3950746474741518,0.5949989117824919,0.44872981753433805,0.3401294609408866,0.5573301741277895
384,0.9980481123688557,0.9755832975828169,1.0205129271548945,stable,-3.940673340308499,-0.15726155573339057,-0.7565769893375989,0.4420538778708177,neutral,indifferent,0.16733593310006642,-0.025206026187954284,0.3598778923880871,-1.4871119665486003,-2.1433364555808696,-0.8308874775163313
385,0.9819329750193141,0.9729445211993186,0.9909214288393096,decreasing,-11.823319869202075,-0.5013876363707609,-0.888899851755429,-0.11387542098609282,negative,loser,-0.01480825100614814,-0.10701218090266677,0.07739567889037048,-0.07618591469542221,-0.1882557275792155,0.03588389818837108
386,1.0114470173001295,1.007191902536041,1.0157021320642181,increasing,-4.247351808975178,1.1397480474490524,0.736396782852095,1.54309931204601,positive,winner,-0.19806108900821084,-0.3697433194491059,-0.026378858567315838,-1.5687849332307089,-1.9864681595630176,-1.1511017068984002
387,1.0065164938220323,1.0027967268067886,1.0102362608372761,increasing,7.4459025819934785,-0.565643713561502,-0.842237989263843,-0.289049437859161,negative,indifferent,-0.07672430321652104,-0.18099392569435546,0.02754531926131336,-0.4185038615229631,-0.6141559529619064,-0.22285177008401977
390,0.9949621222658837,0.986203389738558,1.0037208547932093,stable,-4.722655397839655,0.11108844340198373,-0.27186788440483167,0.4940447712087992,neutral,indifferent,1.005115545946838,0.8570257069158981,1.153205384977778,-0.21214800851533527,-0.33503474612312545,-0.08926127090754513
391,0.9898342061383207,0.9841881677556221,0.9954802445210194,decreasing,-1.8864741321101866,4.677712760158589,3.8751380478701765,5.480287472447001,positive,indifferent,-1.1011553243254535,-1.2722700723790403,-0.9300405762718666,1.5988337124208436,0.6165579851274021,2.581109439714285
392,0.9922741558081346,0.9870190227437327,0.9975292888725366,decreasing,-0.08322870823352252,-0.3061480683870375,-0.7651887821627255,0.15289264538865044,neutral,indifferent,-0.35464160595890615,-0.5170844112588757,-0.19219880065893655,-0.5370192014224171,-0.8062774495120171,-0.2677609533328171
399,0.9689214820060421,0.921957650780414,1.0158853132316703,stable,-1.1044739874191556,-1.1137577706746407,-1.4144938870918535,-0.8130216542574277,negative,indifferent,-0.17761682433893544,-0.34050663779561985,-0.014727010882251063,-4.522571583500478,-5.072738290396169,-3.9724048766047875
402,0.9879615098695644,0.9831375264902593,0.9927854932488696,decreasing,-1.785969174862481,1.3973332570893031,0.9875691979042486,1.8070973162743575,positive,indifferent,0.6583473197421739,0.4632892033786495,0.8534054361056982,-0.16736531080873354,-0.4420215931349418,0.10729097151747471
403,0.911342308177931,0.8953679390280717,0.9273166773277904,decreasing,-0.9398214323105509,-0.6598977825455656,-1.0462472167737373,-0.2735483483173939,negative,loser,-0.38140014425520175,-1.0005529100186457,0.23775262150824217,-0.5673726988142292,-0.8389356849810619,-0.2958097126473966
404,0.9980943668328249,0.9889104615735357,1.0072782720921143,stable,4.29376341028345,-1.13439270448927,-1.4458176487741772,-0.822967760204363,negative,indifferent,-0.40563247770329985,-0.5197871424660782,-0.29147781294052155,-1.826673219861317,-2.053663240507446,-1.5996831992151876
407,0.9167684420205289,0.8777579895794465,0.9557788944616112,decreasing,-0.5098397253278768,2.6134486784453728,1.7600857232875478,3.4668116336031978,positive,indifferent,0.6982480619803004,0.09567764430742942,1.3008184796531714,1.9624457641158808,1.4357421428163337,2.489149385415428
409,0.9909093053552902,0.9740461388302397,1.0077724718803407,stable,3.2401592349595645,-0.2628833533416725,-0.49625860937505456,-0.02950809730829046,neutral,indifferent,-0.20488483854415165,-0.313207612009866,-0.0965620650784373,-0.7435401894949346,-0.9396827959479269,-0.5473975830419423
410,0.9749815959742789,0.9423018249195311,1.0076613670290266,stable,4.409059813962586,-1.51233510200397,-1.9270035417026614,-1.0976666623052784,negative,indifferent,0.06249935934206716,-0.15249111253752026,0.2774898312216546,-2.6618553067402786,-3.1866617387689153,-2.137048874711642
412,1.011691254564064,0.9931831855217951,1.0301993236063327,stable,-1.9300247901193444,-0.7846222030359149,-1.1648845331115985,-0.40435987296023135,negative,indifferent,-0.01809195633136894,-0.18326059720846316,0.1470766845457253,-2.6094187894919947,-3.1895749929447015,-2.029262586039288
413,0.9697030790595087,0.9589041113799056,0.9805020467391118,decreasing,3.1417360054148076,-1.2067487261193934,-1.5300328885634265,-0.8834645636753604,negative,loser,-0.4190243455905412,-0.6525351701977355,-0.18551352098334678,-0.8502129442988579,-1.0069205388383242,-0.6935053497593916
415,0.8755454872410967,0.8400144333835287,0.9110765410986648,decreasing,3.6907309390583976,4.414120494199116,3.4453400463085213,5.3829009420897105,positive,indifferent,-0.7609883278836016,-1.4279866274839264,-0.09399002828327685,1.3970360042433911,1.1089855493145788,1.6850864591722035
418,0.9900975837220435,0.9812129461789741,0.9989822212651128,decreasing,-1.7015952888151322,1.0353718384428534,0.5693199100009267,1.50142376688478,positive,indifferent,0.407609214310781,0.2844945369077681,0.5307238917137939,-0.05644692351560496,-0.1676962023345328,0.054802355303322905
419,0.9837352494361863,0.9763595653784269,0.9911109334939456,decreasing,1.9025412186734643,1.248206978219814,0.8187885186345513,1.6776254378050766,positive,indifferent,0.3166459781579471,0.19764466678399695,0.43564728953189724,0.46367787824823115,0.3342609609620404,0.5930947955344219
421,0.9901524459437581,0.9877514231685912,0.9925534687189249,decreasing,1.7424349310327953,-0.12933159330435956,-0.3806035695775662,0.12194038296884707,neutral,indifferent,0.001748027987043321,-0.193579519983236,0.19707557595732264,-0.19367221219105296,-0.37716211223447527,-0.010182312147630684
422,0.9516203774769795,0.9414777363590325,0.9617630185949264,decreasing,-0.9586635438587922,0.0516843631385332,-0.4213868917977899,0.5247556180748563,neutral,indifferent,1.2945333370465133,0.9064511396421102,1.6826155344509164,-0.3822378959315125,-0.6758982292776599,-0.08857756258536514
424,0.945414660628737,0.8837491190060178,1.0070802022514562,stable,6.790218832654754,2.1480236905477015,1.7369510159927781,2.559096365102625,positive,indifferent,-0.051705676547933226,-0.30169951212301654,0.1982881590271501,3.5769869533958785,3.2267510466290634,3.9272228601626935
426,0.9752135251025403,0.9650902797735984,0.9853367704314823,decreasing,4.786212920177797,-1.4668429177489992,-1.8300700339525822,-1.1036158015454163,negative,loser,-0.3686687106302431,-0.6058413368904615,-0.1314960843700247,-1.0693890234339587,-1.2376852876778814,-0.901092759190036
427,0.9965023978489341,0.9914831025548653,1.0015216931430029,stable,-2.6498502152190295,1.892638391804814,1.3468163952960743,2.438460388313554,positive,indifferent,1.2337322428746622,0.9168331840159336,1.5506313017333908,-0.3568735547746087,-1.0769617445532798,0.36321463500406237
431,0.978291136697679,0.9599949800955564,0.9965872932998016,decreasing,-2.4994233783066795,-0.5432000101849312,-0.8380244965094801,-0.24837552386038247,negative,loser,0.12798924543614562,0.01375686405475289,0.24222162681753834,-1.3887274168324262,-1.6130235225161687,-1.1644313111486837
432,1.006729020175271,0.9995848541657005,1.0138731861848413,stable,0.7693170486060946,1.6983153318746318,1.2839594235917657,2.112671240157498,positive,indifferent,-0.1005441396275064,-0.2257753641509762,0.024687084895963426,1.155768863847304,0.9593347842460184,1.3522029434485896
436,0.9936774250694598,0.9875734525100726,0.999781397628847,decreasing,-2.2627268100120914,1.623983289291843,1.3361028839713525,1.9118636946123337,positive,indifferent,1.7166879726328954,1.339573343929862,2.0938026013359288,-0.15925458513497476,-0.47284197067923117,0.15433280040928166
437,0.9615655399546761,0.9147988434642087,1.0083322364451435,stable,3.489459852634541,-0.17233559278340957,-0.38127915514990784,0.03660796958308868,neutral,indifferent,-0.22783764694693734,-0.4050054061405449,-0.05066988775332973,-3.1446570716959026,-3.7320964646522077,-2.5572176787395975
438,0.9435366016102859,0.9259030701772872,0.9611701330432845,decreasing,1.3665054815353455,-0.14669027058584952,-0.6272893213816184,0.3339087802099193,neutral,indifferent,1.3466440101107466,0.9717835037333127,1.7215045164881806,-0.9493078054743869,-1.3778799702720088,-0.5207356406767649
439,0.9872449801585264,0.9717811877204139,1.0027087725966388,stable,-2.0490240502526023,-1.408193615132979,-1.6666105917251532,-1.1497766385408048,negative,indifferent,-0.11109459923677913,-0.1999270853340449,-0.02226211313951336,-1.6169251046894724,-1.8340431777469943,-1.3998070316319504
440,0.9934033878697994,0.9793347863230186,1.0074719894165802,stable,1.228510947969269,0.6056139621547856,0.10605892008694995,1.1051690042226212,positive,indifferent,0.36222574056802975,0.18727298710080695,0.5371784940352525,-0.24655758196793034,-0.49900975407638515,0.005894590140524486
442,0.9208720383624638,0.9017514194078932,0.9399926573170344,decreasing,0.6536021517384536,0.15063088256240473,-0.5090118857075119,0.8102736508323214,neutral,indifferent,0.010465937375438706,-0.27591540973495204,0.2968472844858295,-0.37332750207502785,-0.5149158353285065,-0.23173916882154919
447,0.9817951088367314,0.9747759609481761,0.9888142567252867,decreasing,1.70973165582145,0.7509510790579251,0.08650328829710141,1.4153988698187487,neutral,indifferent,0.46038915619780235,0.29470819682715416,0.6260701155684505,0.5395791095664365,0.3763187863611425,0.7028394327717304
450,0.9785914927608518,0.9714436082129101,0.9857393773087935,decreasing,5.3959307997829065,1.179770339530398,0.6765702141834032,1.6829704648773927,positive,indifferent,0.6818869777046399,0.5061351346461537,0.8576388207631261,0.6467452521259187,0.45596993809522846,0.837520566156609
451,0.9488876969121932,0.8965961917631496,1.001179202061237,stable,4.372472750462332,-1.462168605451341,-1.921858923400178,-1.002478287502504,negative,indifferent,-0.015491916337777406,-0.36588086485973814,0.3348970321841833,-4.60031644272349,-5.477809720973272,-3.7228231644737084
452,0.8836437529943562,0.8669571992391191,0.9003303067495932,decreasing,0.8279706339432652,2.7730412197120744,1.758283383449209,3.78779905597494,positive,indifferent,2.0260629571567383,1.4324559307428744,2.6196699835706023,0.3083491654075262,0.06265524664852784,0.5540430841665246
453,0.9302846303741762,0.9225973212436339,0.9379719395047185,decreasing,-3.7949445536845894,-0.3362123787719167,-0.8804172137817666,0.20799245623793328,neutral,indifferent,0.9141577872732292,0.6753191724402096,1.1529964021062487,0.24568702204269152,0.1154805236552322,0.37589352043015084
458,0.9874629505608541,0.9823622360302374,0.9925636650914708,decreasing,-8.495348832216091,0.13695659933998144,-0.0920483186630611,0.36596151734302396,neutral,indifferent,0.43843351146008236,0.3439773824957927,0.532889640424372,-0.0233537301990129,-0.18993986315503544,0.14323240275700963
459,0.9875116531061653,0.9810921510674548,0.9939311551448757,decreasing,2.6302622177224175,1.091109674507329,0.361546384271625,1.820672964743033,positive,indifferent,-1.9275960968745323,-2.3881390307029364,-1.467053163046128,1.689090479548993,1.16686568236997,2.211315276728016
460,0.9779738914955823,0.9632806572212942,0.9926671257698705,decreasing,0.2624590072125303,-1.5987453692624476,-1.928224938083995,-1.2692658004409,negative,loser,-1.324348671897375,-1.5535775631644055,-1.0951197806303443,-1.3936960537296605,-1.6486409350055924,-1.1387511724537287
474,0.9794520803214707,0.9709981115900815,0.9879060490528598,decreasing,-3.9482310810432506,-1.9243410873889637,-2.464852483754282,-1.3838296910236454,negative,loser,-1.3140363262794528,-1.5469693709508037,-1.0811032816081019,-0.8028362809322432,-1.1476205665175288,-0.4580519953469577
488,0.964790056306929,0.9599203023495709,0.9696598102642872,decreasing,-3.7302919143546083,-0.11470507669227138,-0.5346440831882652,0.3052339298037224,neutral,indifferent,0.24479565909120954,0.11715499236952798,0.3724363258128911,0.8738571795139579,0.49819761999090684,1.249516739037009
493,1.0000546231645,0.9975286276902482,1.0025806186387518,stable,-7.115501079035231,-0.402077261930357,-1.2590549338728216,0.4549004100121077,neutral,indifferent,-0.1323140611307103,-0.3642818984792622,0.09965377621784163,-1.6381008294360793,-1.9972911737876868,-1.2789104850844717
498,0.9829570781524228,0.9725364069285549,0.9933777493762908,decreasing,1.3674843143220512,0.8373715247571113,0.5059398266675316,1.168803222846691,positive,indifferent,-0.6847177153478443,-0.8719198407352087,-0.49751558996047995,-0.5928025591283802,-0.894338254522411,-0.29126686373434946
501,0.9459817023528642,0.9209972613047672,0.9709661434009611,decreasing,-3.925060166376652,-1.8372581580978116,-2.2026643474252783,-1.471851968770345,negative,loser,-0.39345271188966996,-0.5805771503230512,-0.2063282734562887,-1.716825320621053,-1.9640358325622043,-1.469614808679902
502,0.9963255122043512,0.9943076169143877,0.9983434074943146,decreasing,-11.037391455584297,1.2310396596208473,0.8542486865143558,1.6078306327273388,positive,indifferent,0.2504258522903927,0.1416652998253173,0.35918640475546815,0.5811008902130348,0.45906407269008626,0.7031377077359834
503,0.9814427530973459,0.9748811373081104,0.9880043688865813,decreasing,-2.8239564028515964,-0.08133852096778506,-0.5040308819494638,0.34135384001389363,neutral,indifferent,1.1022544468583584,0.937439657081945,1.2670692366347718,-0.04283812886237375,-0.17743721902178622,0.0917609612970387
504,0.9368141743828062,0.9176933707584768,0.9559349780071357,decreasing,-8.936455161318943,0.6279002261614586,0.24595397698464294,1.009846475338274,positive,indifferent,-0.2506628990094157,-0.3846334597006297,-0.11669233831820172,1.3086193186492312,1.084416998865043,1.5328216384334195
506,1.0038192786892928,0.9971851129846473,1.0104534443939384,stable,-0.9685658929492765,0.952068969850759,0.6991193635289388,1.2050185761725791,positive,indifferent,-0.6422287555767529,-0.7875382592167696,-0.49691925193673614,-0.13552874284381822,-0.26048084321858544,-0.010576642469051017
507,0.9241837100770774,0.8977837955463315,0.9505836246078234,decreasing,-1.049191013042177,1.7274021891916322,0.7397833072902337,2.7150210710930307,positive,indifferent,0.7893455493119529,0.5425170713872488,1.0361740272366569,0.39190068312117116,0.0762886892873304,0.707512676955012
510,0.9727479237907926,0.9470368698910713,0.9984589776905138,decreasing,-5.8110437441769855,-1.2023642914993413,-1.5376065906463712,-0.8671219923523115,negative,loser,-0.24207261177664974,-0.3883109388716939,-0.09583428468160557,-3.0330403809801854,-3.6081610180427486,-2.457919743917622
511,0.9861270417645132,0.976276860359236,0.9959772231697903,decreasing,-0.30753271461413567,0.8790540507559657,0.40881183000307214,1.3492962715088592,positive,indifferent,2.1098627136531762,1.8735776010323577,2.3461478262739948,0.10295707014711884,-0.19101392215394936,0.39692806244818707
513,0.9334109489888684,0.92450358820583,0.9423183097719069,decreasing,2.150338842244726,1.3326630046708345,0.7538600737793328,1.9114659355623362,positive,indifferent,1.28494942838675,0.9318434417963123,1.6380554149771878,0.5240211314558217,0.3485645158921139,0.6994777470195296
514,0.9747849172099793,0.9709352340290267,0.9786346003909319,decreasing,1.349487990157411,1.0761554552228223,0.5705289994394038,1.5817819110062408,positive,indifferent,-1.615185180010755,-1.941248260096255,-1.289122099925255,-0.20930189309838504,-0.533289126342323,0.11468534014555293
517,0.998735733446012,0.9959554128543017,1.0015160540377221,stable,0.878818612068102,1.287555878390648,0.9431778441798513,1.6319339126014447,positive,indifferent,0.975470390969116,0.8175270953420208,1.1334136865962112,0.12813842787066596,0.007076207118854205,0.2492006486224777
521,0.9796839496607506,0.9713477349698899,0.9880201643516112,decreasing,0.1874156688946155,2.3698441863743156,1.7745595165591166,2.965128856189515,positive,indifferent,1.5034409291113446,1.354912113664668,1.6519697445580213,0.14962794343745975,0.022536773618807765,0.27671911325611176
522,1.0273795313827967,1.0165445881680686,1.0382144745975248,increasing,5.021695263563895,0.22195569562672343,-0.011287588360216955,0.45519897961366385,neutral,indifferent,0.22204176446582777,0.12840581045091592,0.3156777184807396,0.2394230338774504,0.12328422610274768,0.3555618416521531
523,1.0082498939798994,1.0039967837859805,1.0125030041738183,increasing,-1.2579702510953032,0.9016689725783581,0.6124225043252006,1.1909154408315157,positive,winner,0.1104077936931143,-0.05509165250793634,0.27590723989416494,-0.253886881492013,-0.4847210503955266,-0.023052712588499363
524,1.0103361051436732,1.0075476346311094,1.013124575656237,increasing,2.5449514813551493,1.1792889288805657,0.8577106616324588,1.5008671961286726,positive,winner,0.7188150998524244,0.47028371308301486,0.967346486621834,0.2737170258304218,0.035617931825556615,0.511816119835287
527,0.9746751607362889,0.9649376121151545,0.9844127093574233,decreasing,2.2083287046670126,2.076811962741833,1.580873077901038,2.572750847582628,positive,indifferent,1.3970225794380255,1.2332692610944027,1.5607758977816484,0.772447572350021,0.6327156842853794,0.9121794604146627
533,0.9812471943722156,0.9449068723248812,1.01758751641955,stable,4.622381188374369,-1.7050312510314563,-2.002319603109981,-1.4077428989529315,negative,indifferent,-0.004653706900503739,-0.1352880020982525,0.12598058829724504,-4.104377169417725,-4.596408851470172,-3.612345487365277
544,0.9840495107033276,0.978097754761011,0.9900012666456441,decreasing,-4.88472236905587,1.255902354117927,0.7511635701445314,1.7606411380913227,positive,indifferent,-1.438979277457038,-1.6510839974265343,-1.2268745574875417,-1.2444998165113765,-1.4832363349968605,-1.0057632980258926
545,0.9953067479436473,0.9902932999105636,1.000320195976731,stable,0.14237934434395377,-0.12317571126225688,-0.6693514452088419,0.4230000226843281,neutral,indifferent,0.8600104945629566,0.698363979502173,1.0216570096237403,-0.8406325050936849,-1.0168249452143245,-0.6644400649730453
546,1.010736428346073,0.9967963819740921,1.0246764747180537,stable,0.4493141849826671,2.3798921781112568,1.836386676010425,2.9233976802120885,positive,indifferent,1.710191780697822,1.525448353094744,1.8949352083009,0.3631908878497093,0.03839579423311973,0.687985981466299
550,0.9658331088720079,0.9543991903681267,0.9772670273758891,decreasing,5.6198211407016085,-0.1000444455888974,-0.39139631920549167,0.19130742802769685,neutral,indifferent,0.1983661910826728,-0.012168065216338259,0.40890044738168385,-0.5575888120187721,-0.8239573383321719,-0.29122028570537234
551,1.0052308956267844,1.002173657681447,1.0082881335721217,increasing,0.6279484131259252,1.2320616354187843,0.828212568920631,1.6359107019169377,positive,winner,1.9741578866959961,1.7494691452010303,2.198846628190962,-0.4542210011212372,-0.6807169396892687,-0.22772506255320563
552,0.943866917855531,0.9216451788792359,0.9660886568318261,decreasing,1.679014159088561,1.1392213819914714,0.5569062878683309,1.721536476114612,positive,indifferent,0.7970244527971816,0.6768354895025434,0.9172134160918198,0.3601971221695774,0.2448499277286456,0.47554431661050917
557,0.9123173717955746,0.8844862200799664,0.9401485235111828,decreasing,0.5644191841327557,2.714895540149908,1.8509821954162915,3.578808884883525,positive,indifferent,0.08564393026215324,-0.06179268373300638,0.23308054425731284,0.7674380741415289,0.6462522011508973,0.8886239471321604
559,0.9207092567021962,0.91205740909115,0.9293611043132424,decreasing,-2.1593221347746985,0.3828152288125999,0.0245375503632263,0.7410929072619734,neutral,indifferent,0.6518117793426904,0.34754811262359003,0.9560754460617908,-0.05216423732636529,-0.2994160845645201,0.19508760991178956
564,0.9407107766719977,0.9332409000599796,0.9481806532840157,decreasing,-3.849626380806891,-1.3708039794361848,-1.9671930894445593,-0.7744148694278105,negative,loser,-0.4979462004057676,-0.7534678330084235,-0.24242456780311172,-0.34883075087707366,-0.8542548663875331,0.15659336463338586
568,1.0487188022699243,1.0257839899219998,1.0716536146178488,increasing,0.23717859834941302,-0.9571216007690254,-1.460649713184937,-0.45359348835311375,negative,indifferent,-0.4792522210317465,-0.7479104663231056,-0.2105939757403873,5.9802894356107155,3.9908450180289883,7.969733853192443
569,0.9633932744279198,0.9597843070482455,0.9670022418075941,decreasing,0.960823886032033,-0.6340050004970276,-1.0724044863072215,-0.19560551468683357,negative,loser,0.8297452278988987,0.567497363279362,1.0919930925184356,1.0221906403343544,0.41460932682954,1.6297719538391688
570,0.9912104936814647,0.9882582370092983,0.9941627503536312,decreasing,-0.7507496984424966,0.38230496509035305,0.12518613612015406,0.639423794060552,positive,indifferent,0.14887224356103837,-0.011025464476521696,0.30876995159859844,0.19984537435429336,0.08251486900111073,0.317175879707476
573,0.9701472329201036,0.9567733804733999,0.9835210853668074,decreasing,-0.1942724529669686,-0.3292647924744312,-0.6381808992524856,-0.020348685696376878,neutral,indifferent,0.356470697524235,0.22551581298776796,0.487425582060702,0.15972781635649344,-0.075343587424892,0.3947992201378789
575,0.9885843275477159,0.9871562420889834,0.9900124130064483,decreasing,-7.541226327125611,-0.3165242525434317,-0.6393993105001199,0.006350805413256555,neutral,indifferent,-0.7784941228526623,-0.9365492738529793,-0.6204389718523453,0.33781094459642375,0.14276301725923948,0.532858871933608
576,0.9886470399623398,0.9865587221237828,0.9907353578008968,decreasing,-8.616893386685577,0.7586675471884735,0.46362560072515097,1.0537094936517961,positive,indifferent,0.5354220923104406,0.4176205963275951,0.6532235882932861,0.19171865689621803,0.0793528510769226,0.3040844627155135
579,0.9503817098514665,0.9264693764466624,0.9742940432562707,decreasing,-0.6262239871559024,-1.0964903902829377,-1.6494007810018152,-0.5435799995640603,negative,loser,1.3439403503083538,1.059290123837256,1.6285905767794515,-1.246932501737619,-1.595215476510767,-0.898649526964471
580,0.9741639016862867,0.9653235729234128,0.9830042304491607,decreasing,-3.4012183134873393,1.3052058355858893,0.884952956712217,1.7254587144595617,positive,indifferent,0.9549026282444136,0.7254680995937955,1.1843371568950318,1.127618539973667,0.5425655300747383,1.7126715498725955
581,0.9829157970540514,0.9787350380053944,0.9870965561027084,decreasing,-5.758876624954529,1.2796878336709951,1.0033126795326757,1.5560629878093146,positive,indifferent,0.28729259997413414,0.15313610282292867,0.4214490971253396,-0.263106896933568,-0.401863498728231,-0.12435029513890497
582,0.9543946588334044,0.9220157044977498,0.9867736131690589,decreasing,-1.8044078810548527,-1.2986943643062605,-1.660797664826775,-0.936591063785746,negative,loser,0.03797713873778724,-0.28603086584971843,0.3619851433252929,-2.795811139637067,-3.307072370203229,-2.2845499090709045
583,0.950658038232771,0.9318952859493973,0.9694207905161446,decreasing,-0.014993757190370795,-2.805391931022266,-3.6869982941411394,-1.9237855679033928,negative,loser,-0.5707862115896883,-1.0378469439021432,-0.10372547927723358,-1.3945714710490575,-1.737765967415597,-1.0513769746825181
586,0.9853708847842817,0.9786330541219127,0.9921087154466507,decreasing,-0.5738694950899457,1.73741696965985,1.2935561418236459,2.181277797496054,positive,indifferent,-1.038899089672098,-1.253270669118626,-0.82452751022557,1.9917266189413485,1.4795811806015062,2.5038720572811908
588,0.9849847453691111,0.973187507206693,0.9967819835315291,decreasing,2.0216755734011382,-1.0351971161789815,-1.331605542357277,-0.7387886900006858,negative,loser,0.590721525899697,0.38036705566722495,0.801075996132169,-2.1813053693144497,-2.512342356443379,-1.8502683821855206
599,0.9743004757498174,0.9612720132963775,0.9873289382032573,decreasing,1.9396005719154463,0.1841845495967653,-0.4823449620083957,0.8507140612019264,neutral,indifferent,0.1632227621505124,0.04056481561091041,0.2858807086901144,-0.4493451776224362,-0.7134936822692186,-0.1851966729756538
600,1.013842732288496,1.0099316467157904,1.0177538178612016,increasing,-1.764810164319182,1.00160123765564,0.5674685036903553,1.4357339716209248,positive,winner,-1.8147182621794664,-2.4092911907204484,-1.2201453336384844,75.43656484128802,-164.3142788113807,315.1874084939567
601,0.852904951044873,0.8271666145578678,0.8786432875318781,decreasing,6.174698221405656,2.301776437930088,1.4105365414026654,3.1930163344575107,positive,indifferent,0.8553129192554791,0.25468769085378373,1.4559381476571747,0.9349267110305728,0.778636251029625,1.0912171710315206
618,0.9761888742391172,0.9706533822514202,0.9817243662268141,decreasing,0.10309381487139649,0.1887325887971714,-0.06544970170956918,0.44291487930391193,neutral,indifferent,0.7040866400012438,0.5243293878348674,0.8838438921676202,-0.17031731581970533,-0.40915691240122576,0.06852228076181513
619,0.9708600396616501,0.9600019733785413,0.981718105944759,decreasing,2.8656710910032803,-3.6335889040066482,-4.595012293742592,-2.672165514270705,negative,loser,-2.7400103781630065,-3.3329294398014193,-2.1470913165245937,-1.0544376969701132,-1.8280477014789436,-0.28082769246128303
621,1.0012402127647795,0.996599024798406,1.005881400731153,stable,6.359658711870576,-1.558052821370189,-1.8790525552636403,-1.2370530874767376,negative,indifferent,-0.17525656914168736,-0.33750060671918486,-0.013012531564189855,-1.0792391557912782,-1.2948067340071552,-0.8636715775754011
622,0.9992063520252009,0.9952674460675872,1.0031452579828146,stable,1.9759186762397514,0.6740171797399359,0.42956791356633584,0.918466445913536,positive,indifferent,0.7846692788786427,0.6599121505827306,0.9094264071745548,-0.2718711937929235,-0.3840166325899252,-0.15972575499592184
625,0.9761517360324591,0.9677899420084102,0.984513530056508,decreasing,1.337624073441795,-0.9098676161702275,-1.3268028334518571,-0.49293239888859786,negative,loser,1.964157733628104,1.6950284016235373,2.2332870656326707,1.0340560939168977,0.7687504543972097,1.2993617334365857
627,0.9918953922156466,0.9897232331394703,0.9940675512918229,decreasing,1.0366899047562255,0.018272460045125512,-0.42035157815930474,0.45689649824955575,neutral,indifferent,2.8389792180181863,2.5027323068834164,3.175226129152956,0.07834827592562166,-0.1719618183281293,0.3286583701793726
629,0.9717180935038356,0.9643461754293465,0.9790900115783248,decreasing,-22.44895172445131,-0.9434981777600238,-1.3532660276617354,-0.5337303278583121,negative,loser,0.5123404518260172,0.41681463053570167,0.6078662731163327,0.40134443435303896,0.29744455879532306,0.5052443099107549
630,0.9583727384942939,0.9385575123513284,0.9781879646372594,decreasing,-8.599366118512158,-1.7455918163783215,-2.3080739094360725,-1.1831097233205705,negative,loser,-0.9450336293285289,-1.0889152299881226,-0.8011520286689351,-1.0186276652060147,-1.2504414182779464,-0.7868139121340829
631,0.9542056632702497,0.9489881243701228,0.9594232021703766,decreasing,-13.506824735135435,-1.0565438223445347,-1.6714720728090817,-0.4416155718799877,negative,loser,0.4296836607691825,0.2303327631335206,0.6290345584048445,0.4933906429852147,0.25822906751498165,0.7285522184554477
634,0.9702647022019658,0.9660607912474115,0.9744686131565201,decreasing,-0.4494942517315613,-1.345492619340419,-1.68875513692211,-1.002230101758728,negative,loser,0.66101736185258,0.4438434832352858,0.8781912404698742,-0.09313428166998289,-0.7945155564794812,0.6082469931395156
637,0.9942162519832374,0.989882046941901,0.9985504570245738,decreasing,-8.040834739008902,1.30194725458929,0.9911716977218286,1.6127228114567516,positive,indifferent,0.38504815666900827,0.3011886960825425,0.46890761725547403,-0.008639657230442424,-0.11144956902217598,0.09417025456129113
639,0.9763704111719869,0.9672418365011832,0.9854989858427905,decreasing,0.7223742624281928,-0.3361787656482817,-0.6937547083354858,0.02139717703892241,neutral,indifferent,0.5522374711271896,0.3829262675617268,0.7215486746926523,-0.574853968873517,-0.935434579532122,-0.2142733582149121
642,0.9867383951086584,0.973121114666186,1.0003556755511307,stable,-0.92965975057670025,-1.6812985724693705,-1.999145817747951,-1.36345132719079,negative,indifferent,0.28073347349651046,0.16984117764499346,0.39162576934802745,-1.5200155839568519,-1.7378507648593522,-1.3021804030543516
644,0.966431994802907,0.9600947302476049,0.972769259358209,decreasing,-2.0557233177375895,0.30320136969712935,-0.10001725027367403,0.7064199896679327,neutral,indifferent,1.1545005145258707,0.9501881281783658,1.3588129008733756,0.4357032385906536,-0.00241624772681448,0.8738227249081216
646,0.9771498813295962,0.9728676961857363,0.9814320664734562,decreasing,-11.032231760682485,0.0759895909252087,-0.2215995118085039,0.37357869365892127,neutral,indifferent,0.16094628256583596,0.048904811502183676,0.27298775362948824,0.03640033940808313,-0.07345968181753025,0.14626036063369652
647,0.933280570241964,0.918777508582011,0.947783631901917,decreasing,-2.876735389051575,-0.6683295989154556,-1.0346877796636658,-0.3019714181672455,negative,loser,1.1651309709470574,0.9673432284313662,1.3629187134627487,-0.06049533436164875,-0.3054752766300579,0.18448460790676044
648,0.9898198228207687,0.9779187534795548,1.0017208921619827,stable,-2.7073172736528996,0.2823249963484623,-0.07849924301395472,0.6431492357108793,neutral,indifferent,0.9923388563636953,0.8531541472172812,1.1315235655101095,-0.19208298416399497,-0.37860503463195566,-0.005560933696034276
649,0.9939841520450914,0.986874732800663,1.00109357128952,stable,0.6810009357083513,-0.6971060868908652,-1.1343577547485153,-0.259854419033215,negative,indifferent,0.8018953055092751,0.6889115416327853,0.9148790693857649,0.14539712183973028,0.022548263752069697,0.26824597992739085
650,0.9835643300323633,0.9752543977065984,0.9918742623581283,decreasing,-3.78348252706371,-0.9496402591859567,-1.4833980650372154,-0.4158824533346982,negative,loser,-1.9608617417166205,-2.1818661631516045,-1.7398573202816365,0.025779889029614974,-0.2281508017563218,0.27971057981555175
654,0.9995464885413953,0.9832900024553354,1.015802974627455,stable,-5.4153176790731266,-0.6391175078224344,-1.003148910271522,-0.27508610537334677,negative,indifferent,-0.38322442919592226,-0.513780430847107,-0.25266842754473745,-2.491732268713758,-2.8100114520232937,-2.1734530854042227
655,0.929001619050572,0.8959216993549668,0.9620815387461772,decreasing,-1.6055289477641546,0.3891219140040224,-0.237910858929559,1.016154686937604,neutral,indifferent,1.5234298881062531,1.316741036646537,1.7301187395659692,-0.05985788775209329,-0.2651387473228912,0.14542297181870462
656,0.9322695959094128,0.9218380520782,0.9427011397406256,decreasing,1.086633788544591,-0.33522325106928663,-1.1908062789620744,0.5203597768235011,neutral,indifferent,0.970695491900986,0.6543155117837175,1.2870754720182545,-0.37766278902706835,-0.7103394662974276,-0.044986111756709024
657,0.9429602311008702,0.8993174627582435,0.9866029994434969,decreasing,7.011042238639406,-0.7376434764616374,-1.1030699026350534,-0.37221705028822133,negative,loser,-0.1806703065197084,-0.7040092503017781,0.3426686372623613,-3.3682537654031908,-4.229458160142743,-2.507049370663639
658,0.9885621959674432,0.9859551726377107,0.9911692192971757,decreasing,-0.16604438783743478,1.0949990597613406,0.6973157016363134,1.4926824178863678,positive,indifferent,-0.8642848732727759,-1.0613789257614141,-0.6671908207841377,0.3828007362670271,0.13402753968725423,0.6315739328468
661,0.9680713752984351,0.959838576832477,0.9763041737643933,decreasing,-1.0048861091442851,0.347002785787867,0.007932265787692738,0.6860733057880413,neutral,indifferent,-0.7212543383945492,-0.9571484027990671,-0.4853602739900313,-0.37202955460249126,-0.5687837176477981,-0.1752753915571844
664,0.9636834151542972,0.9515062636671081,0.9758605666414863,decreasing,-3.6973786830083206,1.3528418092487982,0.9098334295069004,1.795850188990696,positive,indifferent,1.2512669389888573,1.0862873381045386,1.416246539873176,0.4048719787117317,0.2421238120647385,0.5676201453587248
665,0.9992456149922634,0.9939207204247184,1.0045705095598085,stable,-7.073024573033016,1.5343144580994226,1.2479347289346687,1.8206941872641764,positive,indifferent,-0.05257582718300629,-0.15036273089962474,0.04521107653361215,0.24894672489611153,0.11417111863921225,0.3837223311530108
666,0.9814408591078,0.9660058866218283,0.9968758315937717,decreasing,0.8130523849329236,0.5642348637140469,0.2701773452881643,0.8582923821399294,positive,indifferent,0.8252050017909092,0.6268631531779578,1.0235468504038605,-0.7363246150129489,-1.2245106098202592,-0.24813862020563848
672,0.9912704200683737,0.9803758471778496,1.0021649929588978,stable,1.5063348931196268,1.7580866517067624,1.3836625842934704,2.132510719120054,positive,indifferent,1.6159467640295315,1.4169268151918082,1.8149667128672549,0.134671035265008,-0.1956270487617241,0.4649691192917401
673,0.9762319342795178,0.9631807557175517,0.989283112841484,decreasing,5.210150713540328,1.0402134229697684,0.6498907448090601,1.4305361011304767,positive,indifferent,0.9848150700101924,0.8420892635056076,1.1275408765147772,1.0600430926994966,0.9384553558420232,1.18163082955697
674,0.9741536734351047,0.963142552357694,0.9851647945125155,decreasing,4.363426077291613,0.702210860572794,-0.010615140073266915,1.415036861218855,neutral,indifferent,-2.849291885402046,-3.498159839633351,-2.2004239311707408,-1.202115003041744,-1.772955433846069,-0.6312745722374192
682,0.9900606211271467,0.9805102699317985,0.9996109723224949,decreasing,-1.8144221303106667,2.271549050973771,1.661748776816761,2.8813493251307807,positive,indifferent,1.0300775304718708,0.8784036164024744,1.1817514445412671,-0.01910868340221319,-0.17083931660026624,0.13262194979583986
685,0.9858368858722514,0.9766843916577588,0.994989380086744,decreasing,-0.7473150481853711,0.08638763652472897,-0.18284683829421577,0.3556221113436737,neutral,indifferent,0.5864648672133052,0.45934957579007835,0.713580158636532,-0.1097215299099555,-0.3051096194359573,0.08566655961604631
686,0.9878193928498518,0.9861882188157555,0.9894505668839481,decreasing,-8.976718709693223,0.650544751615723,0.3554995214572356,0.9455899817742104,positive,indifferent,0.5189696311667394,0.38148305845512925,0.6564562038783497,0.20133194122139603,0.09828788404246164,0.3043759984003304
692,0.9892940998751143,0.9843430109605833,0.9942451887896453,decreasing,-10.071279995669416,-0.3330806800984527,-0.6752671007322242,0.009105740535318763,neutral,indifferent,0.3261722919209078,0.24739639506909586,0.40494818877271976,0.39525468807186237,0.2882556169476145,0.5022537591961103
703,0.9832982291729415,0.9810021027330383,0.9855943556128447,decreasing,-11.526234076888914,0.10742268584588387,-0.3529438943162926,0.5677892660080603,neutral,indifferent,0.5448151279516557,0.4102521642027913,0.67937809170052,0.5576257633840046,0.42171433082441157,0.6935371959435976
704,0.9433888271701669,0.9278610924379889,0.958916561902345,decreasing,-2.6790497193911964,0.37832430043775667,-0.11548667211131425,0.8721352729868276,neutral,indifferent,1.6164101635301824,1.3838241713527797,1.8489961557075851,0.5718024264367377,0.27690925923836446,0.8666955936351111
706,0.9712234918598173,0.9578962803110196,0.984550703408615,decreasing,-3.924336679997786,-0.8125159623052652,-1.3565991767479681,-0.2684327478625623,negative,loser,-0.7159447036797293,-0.9065292138858855,-0.5253601934735731,-0.6679026510358875,-0.9041785725130234,-0.43162672955875175
707,0.9983162294230087,0.9951177740545069,1.0015146847915106,stable,-17.736303353382983,0.990670506753006,0.6358937499673079,1.3454472635387043,positive,indifferent,-0.20590163179626053,-0.3717906645298876,-0.040012599062633436,0.09920715306134532,-0.008578286214973502,0.20699259233766415
708,1.006176746520028,0.9990714688617324,1.0132820241783236,stable,-1.5567579118891974,-0.6952051954428312,-0.9904689835544978,-0.39994140733116473,negative,indifferent,-0.2740510376516121,-0.3943714677014187,-0.1537306076018055,-1.166806156633047,-1.3936367295079641,-0.93997558375813
709,0.9742577212317449,0.9533935352390178,0.995121907224472,decreasing,0.396101750976282,1.1944895463054117,0.6052011888351574,1.783777903775666,positive,indifferent,2.0062093771319764,1.794909509870485,2.217509244393468,-0.43970289611031943,-0.5412883274479553,-0.33811746477268356
711,0.9855268420701571,0.968476362364951,1.002577321775363,stable,1.3097179436696424,1.663539323115613,1.315485204979689,2.011593441251537,positive,indifferent,-0.4828227509742185,-0.6685137595992761,-0.297131742349161,1.9190340096479017,1.4694233961857783,2.368644623110025
712,0.9889572779218454,0.9792647889842089,0.9986497668594819,decreasing,8.435788131244774,1.7095832393714996,1.280117068779155,2.139049409963844,positive,indifferent,1.455285704658743,1.3053032682770498,1.6052681410404364,0.5022889665505864,0.3623649670498073,0.6422129660513656
714,0.9641878075288282,0.9478485093134654,0.9805271057441909,decreasing,3.748001215987459,3.240034252226283,2.7039024171160304,3.7761660873365357,positive,indifferent,0.17040055056070794,-0.008787640121066975,0.34958874124248285,1.317822874734452,1.165576020824798,1.470069728644106
715,0.9781426184744697,0.9699958767413832,0.9862893602075562,decreasing,1.0302531589713557,-0.3252606673632975,-0.6581857385792882,0.00766440385269318,neutral,indifferent,1.1942238184819616,1.0341302285130731,1.35431740845085,0.621949190061767,0.46983678614348345,0.7740615939800505
717,1.0287338205782812,1.022281548522702,1.0351860926338605,increasing,3.0144775607856196,1.193886062591344,0.8165937087523788,1.5711784164303095,positive,winner,1.9779817526222914,1.7790390530873954,2.1769244521571873,0.17920403015628383,-0.19451156017387616,0.5529196204864438
719,0.9975455150204056,0.9726462890027169,1.0224447410380941,stable,5.286194037479329,-0.45792625894198197,-0.7268574664087996,-0.18899505147516438,negative,indifferent,0.4273692014671611,0.29007825271163823,0.564660150222684,-3.4559289952059817,-4.197535839160046,-2.714322151251918
721,0.9832751789119247,0.9541987113040216,1.012351646519828,stable,-0.6179054775583845,-0.061212161783460894,-0.3477220253486953,0.2252977017817735,neutral,indifferent,0.9560714985595172,0.7235351938588186,1.1886078032602159,-3.0948053915687996,-3.9222462156184403,-2.267364567519159
722,0.995353231897184,0.9920728334223499,0.9986336303720182,decreasing,-10.9773823462248,0.8084118493019542,0.5553049085260522,1.0615187900778562,positive,indifferent,-0.3817174484554004,-0.535582135235589,-0.22785276167521185,-0.029529647260760395,-0.17569071524437826,0.11663142072285747
723,0.9861709863829051,0.9759177517371153,0.996424221028695,decreasing,3.9554915861209676,1.2155274581905957,0.7104817639354757,1.7205731524457157,positive,indifferent,0.877809631316308,0.6904207573332396,1.0651985052993762,0.81424862708093515,0.58882332996465,1.0396739241972204
724,0.9156069763846779,0.8507510237489854,0.9804629290203705,decreasing,6.075823852087259,2.5388999273375688,1.9719132955170893,3.1058865591580482,positive,indifferent,0.2940471443711282,0.07897315564021573,0.5091211331020407,2.3504032162288597,2.1123123852249006,2.588494047232819
725,0.9643164227063369,0.937604364308524,0.9910284811041498,decreasing,-2.6096021494955592,0.5159330301679764,0.1366086029304064,0.8952574574055465,positive,indifferent,0.6248136754924583,0.2876644748413074,0.9619628761436091,-2.174798751958304,-2.8569221053629987,-1.4926753985536094
727,0.9602557880751564,0.9069014814523255,1.0136100946979874,stable,3.5784256290316137,-1.2342326900974554,-1.6335406713855256,-0.8349247088093852,negative,indifferent,-0.10235845933988816,-0.41287434626938835,0.208157427589612,-4.837589418495898,-6.071366928551683,-3.6038119084401132
730,0.8711638369270044,0.8122023688684685,0.9301253049855402,decreasing,4.102193584504473,3.0125936726313878,2.203092274829652,3.8220950704331234,positive,indifferent,0.24068832011584648,-0.26995608792414916,0.7513327281558422,1.899918207881905,1.4892991036301009,2.310537312133709
731,0.9778571985194348,0.9663932707300706,0.9893211263087989,decreasing,6.758373786170855,0.5865368279678249,9.373051264385257e-4,1.1721363508092113,neutral,indifferent,0.5219350871297893,0.3431649327411886,0.7007052415183901,1.075467923865836,0.8735934609534526,1.2773423867782194
735,0.981676799885261,0.9734513145693927,0.9899022852011293,decreasing,-3.3165532176791426,-0.3947486462642705,-0.8931425867282146,0.10364529419967367,neutral,indifferent,-0.45384966176294683,-0.6483327879067495,-0.2593665356191442,-0.7368030320698888,-0.9920471550963574,-0.4815589090434202
736,0.9751967224021971,0.9633916670804094,0.9870017777239849,decreasing,2.446664751357989,1.2547024360760617,0.8133619819093514,1.696042890242772,positive,indifferent,0.9162198221864961,0.7472414567142052,1.085198187658787,1.091029568248297,0.8894930439271332,1.292566092569461
737,0.9925076400616967,0.9892964942003919,0.9957187859230014,decreasing,-2.99954715142737,0.5363169503376085,0.17877464036755863,0.8938592603076584,positive,indifferent,-0.08541957802273234,-0.1923025902341387,0.021463434188674038,-0.29434919482919,-0.40699374346768946,-0.18170464619069046
738,0.9318678185658166,0.8993490868345198,0.9643865502971134,decreasing,5.01091911932187,-2.4549874344976668,-3.1950335122058733,-1.7149413567894602,negative,loser,0.6563675934483892,-0.27626113710947664,1.588996324006255,-1.766016924571263,-2.2089651064360076,-1.3230687427065182
740,1.0009179988362187,0.9936202459153701,1.0082157517570673,stable,0.7371278178637821,1.223788107695402,0.6459938252246681,1.801582390166136,positive,indifferent,2.3101142223545,1.7954188566009621,2.824809588108038,0.37830715490820105,-1.0365241220637191,1.7931384318801213
743,0.9612908042927907,0.9291718487897501,0.9934097597958312,decreasing,6.988804761491866,-0.8997367028848732,-1.2044742095190053,-0.594999196250741,negative,loser,-0.54174514872635815,-0.7701355806854165,-0.31335471676729976,-1.164555316131943,-1.4184178881332277,-0.9106927441306586
745,0.9999255940400207,0.9962173555300642,1.0036338325499772,stable,-5.677243229527165,0.6253753203372983,0.3840149331733337,0.8667357075012628,positive,indifferent,0.677684266739681,0.5781067445010017,0.7772617889783602,-0.0382950271510482,-0.15667641458972847,0.08008636028763207
746,0.977929151988144,0.9743931712951949,0.9814651326810931,decreasing,-8.940233586369093,-1.0448962964489776,-1.361047708553663,-0.7287448843442923,negative,loser,-0.08156681750229998,-0.21126301373753498,0.048129378732935005,-0.027687466690356804,-0.24999050546003404,0.19461557207932045
748,0.9842901616559754,0.9454203681450642,1.0231599551668866,stable,10.489869797666998,-1.7889283264796743,-2.137816490141974,-1.4400401628173742,negative,indifferent,-0.16369724715531986,-0.3224317937992123,-0.0049627005114274425,-3.3848856316388543,-4.088088263178627,-2.6816830000990812
751,0.9770777065259223,0.974916039339367,0.9792393737124776,decreasing,-1.9585573232506575,1.1218779392920986,0.7755873232012355,1.4681685553829618,positive,indifferent,0.06596803218118265,-0.15672938270367892,0.28866544706604425,0.22484556730396243,-0.020333928426884362,0.47002506303480923
755,0.9591808114411332,0.9427972643165075,0.975564358565759,decreasing,2.6084922478196106,-2.231268860620204,-2.7277774016269993,-1.7347603196134085,negative,loser,-0.29250502075758117,-1.0648238252022952,0.47981378368713284,-1.485718534048016,-1.8463865328884521,-1.1250505352075797
758,0.9987021838233687,0.9902925825156137,1.0071117851311238,stable,-1.036892931151431,0.999894212798527,0.7035225968360788,1.2962658287609752,positive,indifferent,1.1034882586646304,0.932896411432812,1.2740801058964488,-0.13261047625350855,-0.46710508263566475,0.20188413012864762
760,1.0315756250704828,1.0260517634585729,1.0370994866823928,increasing,0.43391208529896547,2.4870262610123177,2.0945031465382584,2.879549375486377,positive,winner,0.23904976058042304,-0.07157487649545591,0.549674397656302,-0.04420299820157768,-0.30452742716319486,0.21612143076003948
763,0.9846540664581601,0.9622578302762753,1.007050302640045,stable,3.747501221082226,-1.1148825456274503,-1.3663684209044133,-0.8633966703504872,negative,indifferent,0.004121476649049985,-0.13030034162755058,0.13854329492565057,-2.5166308406338325,-2.9003405629790247,-2.1329211182886403
771,0.9781934157331138,0.9665907067520174,0.9897961247142102,decreasing,-1.3241094253814145,2.0077383164561082,1.4821353009017482,2.533341332010468,positive,indifferent,2.314114730539349,1.981309328982538,2.64692013209616,0.288776447737172,0.010086730818332446,0.5674661646560115
772,1.0137483577496527,1.010905322790767,1.0165913927085384,increasing,-0.21300736322173164,0.49239735028031856,0.2444768615701741,0.740317838990463,positive,winner,0.5661618042848141,0.44856983057294053,0.6837537779966877,-0.2709301467740736,-0.4151370883707261,-0.12672320517742114
774,0.9445340301825872,0.91102217973237265,0.9780458806328017,decreasing,-0.6329873731803747,-1.70395734621099,-2.232681269902799,-1.1752334225191807,negative,loser,1.1488306536228696,0.8098952604210854,1.4877660468246539,-2.0903305580990024,-2.513530694610849,-1.6671304215871559
779,0.9299572284682286,0.8746177166646619,0.9852967402717953,decreasing,6.75370332892796,1.5142640045791733,0.9750551012782973,2.0534729078800495,positive,indifferent,-0.2780073143296973,-0.7923680219735381,0.2363533933141435,2.8136373589561776,2.3670012931449937,3.2602734247673615
780,0.9836707970122053,0.9777480762324134,0.9895935177919971,decreasing,-1.4956202693637,-0.14178839820232952,-0.5432347383849342,0.25965794198027514,neutral,indifferent,-1.4384321735305763,-1.645127173655204,-1.2317371734059486,-0.15712317126043301,-0.36539415171451095,0.05114780919364492
783,0.9820107713435213,0.9792427446219215,0.9847787980651211,decreasing,8.391193115532339,0.11899850755244042,-0.552005334126477,0.7900023492313579,neutral,indifferent,-11.160633874018208,-511.3020220662342,488.98075431819774,2.76036376245319,1.3092705967771248,4.211456928129255
784,0.9688305349249423,0.9581131279677843,0.9795479418821004,decreasing,-12.343840568117743,-0.41943605521288946,-0.6959011778602928,-0.1429709325654861,negative,loser,0.16763054624560023,0.06092597555316681,0.27433511693803364,0.029389586288033124,-0.0656497820172309,0.12442895459329714
786,0.9938964070600735,0.9923816082080059,0.9954112059121412,decreasing,-7.701725216150204,-0.5728362416181629,-1.0861656187523008,-0.05950686448402509,neutral,indifferent,-0.34864484117406136,-0.5307883932127293,-0.1665012891353934,0.5737700134727117,0.43240568033859716,0.7151343466068263
788,0.9691966164012983,0.9601240524879278,0.9782691803146688,decreasing,5.7892661167506185,0.326394818431822,-0.198276446056945,0.8510660829205889,neutral,indifferent,0.7738649101223494,0.5680363152692791,0.9796935049754196,0.5409751231241974,0.31228001122439436,0.7696702350240003
789,0.983304800298869,0.9776162992020161,0.988993301395722,decreasing,3.2250895045443078,0.03417991078917358,-0.42045715776287484,0.48881697934122204,neutral,indifferent,-1.5183032201547044,-1.8283876074552818,-1.208218832854127,0.6886116478372092,0.33185280210856327,1.045370493565855
790,0.9904425526419488,0.9743430824261615,1.006542022857736,stable,-1.5324743504204679,3.175952536918487,2.468814107579929,3.883090966257045,positive,indifferent,2.9154738238865936,2.368837109551783,3.4621105382214044,0.75408289033403475,0.021884595309790034,1.4862811853582794
791,0.9783469569793681,0.9729444639051015,0.9837494500536348,decreasing,-1.4342270927346965,-1.143079013414415,-1.6596652813767767,-0.6264927454520535,negative,loser,1.5813570437125617,1.362767998618853,1.7999460888062704,-0.2800538265055561,-0.50000558614178,-0.060102066869332144
792,0.9726160472836014,0.9420138897934043,1.0032182047737985,stable,-3.82579647986256,-2.2599182226575287,-2.8077239701919154,-1.712112475123142,negative,indifferent,0.15393239597901293,-0.12316506849070669,0.43102986044873254,-2.9151233421202054,-4.249764587968367,-1.5804820962720436
793,0.947612875142439,0.8962767770161613,0.9989489732687167,decreasing,4.4240070456088025,-0.7505365078593926,-1.096886746442327,-0.4041862692764582,negative,loser,-0.03465096350146015,-0.646805499825463,0.5775035728225427,-4.3583289483274275,-5.1495082819649705,-3.567149614689884
797,0.9505424827633918,0.93057748494915,0.9705074805776336,decreasing,-3.1466027554388676,-0.5480902110392124,-1.193546113093869,0.09736569101544412,neutral,indifferent,0.8688834067582212,0.7335149993524752,1.0042518141639671,-0.2832300004948852,-0.40229461005648115,-0.1641653909332893
799,0.9788070878112465,0.9668111902962957,0.9908029853261973,decreasing,-6.689151273463541,0.7055463426115962,0.4421524585521334,0.968940226671059,positive,indifferent,0.07791610183661939,-0.08356351514084788,0.23939571881408667,-1.0915441961055623,-1.5019212302386327,-0.6811671619724919
803,1.012029421958172,1.007449726721573,1.016609117194771,increasing,-8.373656527921968,0.057921097066429894,-0.2536884639750272,0.369530658107887,neutral,indifferent,-0.4548128170163222,-0.5550200916123765,-0.3546055424202678,-0.7775940535117126,-1.0499549985098513,-0.505233108513574
804,1.0107473896070516,1.0043554360600604,1.0171393431540428,increasing,2.0876531893362817,0.3488636380732343,0.026733589385770917,0.6709936867606976,neutral,indifferent,0.9074066235589294,0.7775650678383601,1.0372481792794987,0.3038041867435285,0.13924344801162195,0.46836492547543507
805,1.0033241218966538,0.9925149962819081,1.0141332475113995,stable,-7.007581222426669,-0.6393948155414722,-0.9176527901432232,-0.36113684093972115,negative,indifferent,-0.7428154026375645,-0.8879068318921182,-0.5977239733830109,-1.5844489882886634,-1.8310979838821548,-1.337799992695172
808,0.9890271519067806,0.9867243875962364,0.9913299162173248,decreasing,-15.000472927272678,-0.4277300595150325,-0.7338629877167187,-0.12159713131334637,negative,loser,0.5631138506762785,0.47116810384138563,0.6550595975111714,0.6799754520138499,0.5890256878958545,0.7709252161318453
810,0.9879821044017022,0.9833415511977485,0.9926226576056559,decreasing,1.1113541616731584,0.4935952001971086,0.06932409904639592,0.9178663013478213,neutral,indifferent,0.6873673568522093,0.5060612770449066,0.868673436659512,-0.10904986151385486,-0.5185085031326377,0.300408780104928
812,0.9408083705315573,0.9275810659416758,0.9540356751214388,decreasing,-14.145401286289882,-0.34017290440222736,-0.7324052717070855,0.05205946290263075,neutral,indifferent,0.17402280575997886,0.021194903674793625,0.3268507078451641,1.235939570550307,1.008939890676724,1.4629392504238898
813,0.9678132258526898,0.9559300831517962,0.9796963685535834,decreasing,-6.479307631408362,-0.23146022743062758,-0.4952924966054125,0.03237204174415739,neutral,indifferent,0.6721968550409236,0.5658722702332313,0.778521439848616,-0.1821987111759903,-0.29270556304334233,-0.07169185930863824
814,0.9213322165286117,0.8927814093578922,0.9498830236993313,decreasing,-10.449256435208309,1.6475012231366533,0.6883408343017263,2.60666161197158,positive,indifferent,0.491044517053798,0.38610942969518347,0.5959796044124125,0.74326160423108,0.6488581343513061,0.8376650741108539
816,0.9663473032304113,0.954294011983843,0.9784005944769796,decreasing,-3.7335508625249916,-1.3474369458223265,-1.7196196453057184,-0.9752542463389346,negative,loser,1.133790644464343,0.9976857690458233,1.2698955198828628,0.17264373504865602,0.05079911359084176,0.29448835650647026
818,0.9728559123391891,0.9661646264407422,0.979547198237636,decreasing,-16.174566833462574,-0.6349782384134199,-1.1880120027689074,-0.08194447405793237,neutral,indifferent,0.3170048864863512,0.20071267497139583,0.4332970980013066,0.9732668733455971,0.8383472303248005,1.1081865163663938
820,0.9263603663987191,0.9030280691434854,0.9496926636539528,decreasing,-7.321941520035086,-1.7852823392132258,-2.705964489493984,-0.8646001889324676,negative,loser,-1.7400676481636776,-2.0452596428137606,-1.4348756535135947,-0.38173270803685827,-0.6707017069903979,-0.09276370908331866
823,0.9886681034387165,0.9805618562938706,0.9967743505835623,decreasing,-2.864401351894563,0.08743273131911719,-0.17391280622846264,0.34877826886669705,neutral,indifferent,0.6978285095473976,0.5498584435408685,0.8457985755539267,-0.3249178980475701,-0.5266541487220311,-0.12318164737310908
830,0.9836284701556983,0.9604818966170707,1.006775043694326,stable,-4.099038033201111,-0.9503277339346904,-1.311366493696544,-0.5892889741728369,negative,indifferent,-0.566843912981269,-0.7959299741173125,-0.3377578518452256,-2.4382978333861094,-2.956956383937557,-1.9196392828346613
833,0.9462043024353276,0.9198072758448615,0.9726013290257937,decreasing,-2.2783335779741654,-0.5166431757885763,-1.1738812763718824,0.1405949247947299,neutral,indifferent,1.0829282151175963,0.9121927326683916,1.253663697566801,-0.17975706207628905,-0.3406807720444995,-0.018833352108078627
835,0.9624310558765623,0.9201387312472358,1.0047233805058888,stable,-2.7726951305963423,-1.1515696981316068,-1.6360174634620133,-0.6671219328012004,negative,indifferent,-0.18437809624717183,-0.4343837331416933,0.06562754064734966,-3.6259858937776936,-4.282108412168343,-2.9698633753870443
837,0.9579647590338591,0.9333275665151324,0.9826019515525859,decreasing,-6.4424701095800865,-0.6791356229022584,-1.0209751239331142,-0.3372961218714025,negative,loser,-0.40508115161415414,-0.6057969298232692,-0.20436537340503913,-1.3159168297100847,-1.607167500630616,-1.0246661587895534
839,0.9985670128542435,0.976120708002567,1.0210133177059202,stable,-1.6279627517904138,-1.3453818873503345,-1.6226071921539604,-1.0681565825467085,negative,indifferent,0.23532665692913218,0.1230449303470463,0.34760838351121803,-3.245288081570553,-3.774031116451157,-2.716545046689949
840,0.9669604376902821,0.9193371058780289,1.0145837695025353,stable,-3.1768018841551,2.791265196458618,2.19165457482975,3.390875818087486,positive,indifferent,-0.48703477917975596,-0.7225673104038448,-0.25150224795566717,2.7789623006446447,2.196968709960989,3.3609558913283
841,0.9971231793625683,0.957684641630038,1.0365617170950987,stable,0.7387646725274687,2.545386179083681,1.8829213011328503,3.2078510570345116,positive,indifferent,-0.6224832840284712,-0.8510596969605209,-0.3939068710964215,2.9955835359461647,2.196370430054694,3.7947966418376353
843,0.981933288492191,0.9733840171944167,0.9904825597899652,decreasing,-5.018894755468226,-0.5822154682742509,-0.9229304653275974,-0.24150047122090434,negative,loser,0.6397807524944812,0.5261338863271408,0.7534276186618216,0.020077913138042306,-0.0886532113086927,0.12880903758477733
844,0.9519650294498374,0.9388229332812594,0.9651071256184154,decreasing,-3.565549760869957,0.5954647120524353,0.16373956177472304,1.0271898623301476,positive,indifferent,0.23329656128303136,0.09708011271212827,0.3695130098539344,0.7542752795443564,0.5597962587932921,0.9487543002954206
846,0.9853456456099223,0.9806463729800524,0.9900449182397922,decreasing,-11.49807888473502,-0.4792723775683851,-0.9018390071314477,-0.05670574800532241,neutral,indifferent,0.830811126630377,0.7075797738630407,0.9540424793977134,0.18887926620812084,0.08225922044522158,0.2954993119710201
847,0.8325204436794459,0.7511861912578633,0.9138546961010284,decreasing,-4.499333672981251,5.16078972211925,3.921513609054652,6.400065835183848,positive,indifferent,-0.7041977096803055,-0.9744267672416052,-0.43396865211900587,2.4823520210592074,2.083753359183026,2.8809506829353886
849,0.9066616664179401,0.8944032869560068,0.9189200458798734,decreasing,-6.366024076068192,1.3244437815439971,0.49177746450033255,2.157110098587662,positive,indifferent,0.9936834863614771,0.6898875364013084,1.2974794363216458,-0.10017675791302681,-0.2898784966263041,0.0895249808002505
851,0.9391263010711551,0.9199309623725609,0.9583216397697494,decreasing,-6.359202494184896,-0.3391973462889672,-0.6204134852978825,-0.05798120728005185,negative,loser,9.93977968324637,-3.0215726841136625,22.9011320506064,-1.771022462996024,-2.2001447580378324,-1.3419001679542157
852,0.9806620555794789,0.9481898530858344,1.0131342580731235,stable,-11.742114535780212,-1.1775039080659278,-1.524202675728274,-0.8308051404035814,negative,indifferent,-0.16693691969028915,-0.437953773953084,0.10407993457250572,-4.787563244708388,-5.8115838568621285,-3.763542632554648
857,0.9824043865004735,0.9776094283428077,0.9871993446581392,decreasing,-2.68540964106084,1.4187019827615257,1.1041187474524998,1.7332852180705516,positive,indifferent,0.5818395976299892,0.3929064525073678,0.7707727427526105,-0.2875024211741807,-0.6148766525223808,0.03987181017401942
859,0.9870035915113016,0.9815814956155043,0.9924256874070988,decreasing,-1.1631099091116088,0.5694705112129288,0.08239385524896836,1.0565471671768893,neutral,indifferent,1.1688636350737047,1.013326127020755,1.3244011431266545,-0.2960358717246177,-0.45165950082022566,-0.14041224262900975
860,0.9927972067460523,0.9818282024831382,1.0037662110089665,stable,-6.6285274807023224,-1.8899421893171497,-2.3379938783206278,-1.4418905003136717,negative,indifferent,-0.9427374254542975,-1.0759719481983283,-0.8095029027102666,-2.1037845166288895,-2.3920078823602635,-1.8155611508975156
863,0.9489291359175513,0.930593587315158,0.9672646845199447,decreasing,-3.6496111748566773,0.7005718643532763,0.32714564040664235,1.0739980882999103,positive,indifferent,2.0943572172459377,1.7581783663539454,2.43053606813793,0.33836698004959354,0.021878980106407153,0.6548549799927799
866,0.9853048535728062,0.9806044401214592,0.9900052670241531,decreasing,-4.680848709537601,0.6119181542092768,-0.09834795858057388,1.3221842669991273,neutral,indifferent,-1.1712790895483833,-1.4252508368935417,-0.917307342203225,0.9163398525937029,0.6128749583337862,1.2198047468536195
867,0.9772594294036115,0.9672161167657831,0.98730274204144,decreasing,-2.287910827379627,0.3115245422915283,0.0296845158957037,0.593364568687353,neutral,indifferent,0.6537880341554025,0.5092415344436221,0.798334533867183,-0.021573147208515542,-0.2054125761596664,0.1622662817426353
872,1.0003953025271486,0.9748052019060657,1.0259854031482314,stable,-0.7868105642941831,-0.7936824425199017,-1.085490253721179,-0.5018746313186244,negative,indifferent,-0.3377598138940962,-0.4443526804232388,-0.23116694736495363,-2.5524283095802267,-2.8940441062486997,-2.2108125129117537
873,0.9686907121629951,0.9662881869272973,0.9710932373986928,decreasing,-2.502493482559461,0.9970832061204153,0.6147184409574321,1.3794479712833985,positive,indifferent,0.22333705939598847,0.026259565094715442,0.4204145536972615,0.7022564478975979,0.37751813986161903,1.0269947559335768
874,0.9768632094027738,0.9649158970699632,0.9888105217355845,decreasing,2.5813268750910203,2.9165230254171175,2.3870970971485357,3.4459489536856993,positive,indifferent,0.8652251791680359,0.7305392198856369,0.9999111384504349,0.8068510659679707,0.6588594978430606,0.9548426340928808
940,0.9033523226632256,0.8781655381340565,0.9285391071923947,decreasing,-2.1838790990828385,-0.24109468863725925,-0.7583769261150041,0.2761875488404856,neutral,indifferent,0.18790045741748315,0.031642117325921454,0.3441587975090449,0.6667184686009532,0.5425286667094783,0.7909082704924281
